[
  {
    "body": "Hey, every member who would like to join SkyClan:\nhttps://tinyurl.com/skyclan-discord",
    "sender": "Om Raheja",
    "created_at": "2021-09-09T16:17:01Z"
  },
  {
    "body": "You get paid 2x as much when you type here. Keep this open at least once a week.",
    "sender": "Om Raheja",
    "created_at": "2020-05-14T21:59:18Z"
  },
  {
    "body": "Please use remind more, thank you very much.",
    "sender": "Om Raheja",
    "created_at": "2020-05-06T21:13:55Z"
  },
  {
    "body": "SkyClan! We welcome a new warrior, Speedclaw.",
    "sender": "Om Raheja",
    "created_at": "2020-04-29T18:21:16Z"
  },
  {
    "body": "Hi",
    "sender": "Om Raheja",
    "created_at": "2020-04-07T15:43:29Z"
  }
]
