[
  {
    "body": "Hey, every member who would like to join SkyClan:\nhttps://tinyurl.com/skyclan-discord",
    "sender": "Om Raheja",
    "created_at": "2021-09-09T16:17:01Z"
  },
  {
    "body": "Nice",
    "sender": "Om Raheja",
    "created_at": "2020-05-29T22:12:33Z"
  },
  {
    "body": "ok",
    "sender": "Krutin Vallala",
    "created_at": "2020-05-29T14:38:48Z"
  },
  {
    "body": "To the hangout",
    "sender": "Om Raheja",
    "created_at": "2020-05-29T14:38:46Z"
  },
  {
    "body": "Go back",
    "sender": "Om Raheja",
    "created_at": "2020-05-29T14:38:44Z"
  },
  {
    "body": "ok wut we do?",
    "sender": "Krutin Vallala",
    "created_at": "2020-05-29T14:38:37Z"
  },
  {
    "body": "ik right",
    "sender": "Om Raheja",
    "created_at": "2020-05-29T14:38:29Z"
  },
  {
    "body": "it works",
    "sender": "Krutin Vallala",
    "created_at": "2020-05-29T14:38:14Z"
  },
  {
    "body": "Hi",
    "sender": "Om Raheja",
    "created_at": "2020-05-29T14:38:08Z"
  },
  {
    "body": "hello",
    "sender": "Krutin Vallala",
    "created_at": "2020-05-29T14:37:26Z"
  }
]
