[
  {
    "body": "well ima delete him",
    "sender": "Om Raheja",
    "created_at": "2020-05-19T20:06:18Z"
  },
  {
    "body": "no one other than speedclaw",
    "sender": "Om Raheja",
    "created_at": "2020-05-19T20:06:12Z"
  },
  {
    "body": "WHO IS THIS TRASH",
    "sender": "Om Raheja",
    "created_at": "2020-05-19T20:06:02Z"
  },
  {
    "body": "WHAT",
    "sender": "Om Raheja",
    "created_at": "2020-05-19T20:05:56Z"
  },
  {
    "body": "Hi guys",
    "sender": "Ram Kosaraju",
    "created_at": "2020-05-19T19:55:12Z"
  },
  {
    "body": "K",
    "sender": "Om Raheja",
    "created_at": "2020-05-18T21:59:21Z"
  },
  {
    "body": "joey",
    "sender": "Ram Kosaraju",
    "created_at": "2020-05-18T21:18:23Z"
  },
  {
    "body": "joey",
    "sender": "Ram Kosaraju",
    "created_at": "2020-05-18T21:18:20Z"
  },
  {
    "body": "joey",
    "sender": "Ram Kosaraju",
    "created_at": "2020-05-18T21:18:18Z"
  },
  {
    "body": "oh no",
    "sender": "Ram Kosaraju",
    "created_at": "2020-05-18T21:18:14Z"
  },
  {
    "body": "ya",
    "sender": "Ram Kosaraju",
    "created_at": "2020-05-18T21:18:12Z"
  },
  {
    "body": "i can type",
    "sender": "Ram Kosaraju",
    "created_at": "2020-05-18T21:18:10Z"
  },
  {
    "body": "what the",
    "sender": "Ram Kosaraju",
    "created_at": "2020-05-18T21:18:08Z"
  },
  {
    "body": "That was a bad prank",
    "sender": "Om Raheja",
    "created_at": "2020-05-18T21:18:00Z"
  },
  {
    "body": "Well",
    "sender": "Om Raheja",
    "created_at": "2020-05-18T21:17:56Z"
  },
  {
    "body": "Ummmm",
    "sender": "Om Raheja",
    "created_at": "2020-05-18T21:17:54Z"
  },
  {
    "body": "remember?",
    "sender": "Ram Kosaraju",
    "created_at": "2020-05-18T21:15:55Z"
  },
  {
    "body": "it was a prank",
    "sender": "Ram Kosaraju",
    "created_at": "2020-05-18T21:15:51Z"
  },
  {
    "body": "no I'm ram",
    "sender": "Ram Kosaraju",
    "created_at": "2020-05-18T21:15:46Z"
  },
  {
    "body": "and ban you",
    "sender": "Om Raheja",
    "created_at": "2020-05-18T21:15:44Z"
  },
  {
    "body": "I will delte you",
    "sender": "Om Raheja",
    "created_at": "2020-05-18T21:15:41Z"
  },
  {
    "body": "go where",
    "sender": "Ram Kosaraju",
    "created_at": "2020-05-18T21:15:41Z"
  },
  {
    "body": "respect me",
    "sender": "Ram Kosaraju",
    "created_at": "2020-05-18T21:15:38Z"
  },
  {
    "body": "You have to go",
    "sender": "Om Raheja",
    "created_at": "2020-05-18T21:15:36Z"
  },
  {
    "body": "to Ram",
    "sender": "Ram Kosaraju",
    "created_at": "2020-05-18T21:15:33Z"
  },
  {
    "body": "I mean Mr. Brousious",
    "sender": "Om Raheja",
    "created_at": "2020-05-18T21:15:32Z"
  },
  {
    "body": "changed my name",
    "sender": "Ram Kosaraju",
    "created_at": "2020-05-18T21:15:30Z"
  },
  {
    "body": "Tim",
    "sender": "Om Raheja",
    "created_at": "2020-05-18T21:15:25Z"
  },
  {
    "body": "it's tim",
    "sender": "Ram Kosaraju",
    "created_at": "2020-05-18T21:15:24Z"
  },
  {
    "body": "Time",
    "sender": "Om Raheja",
    "created_at": "2020-05-18T21:15:23Z"
  },
  {
    "body": "what's up",
    "sender": "Ram Kosaraju",
    "created_at": "2020-05-18T21:15:19Z"
  },
  {
    "body": "hi",
    "sender": "Ram Kosaraju",
    "created_at": "2020-05-18T21:15:16Z"
  },
  {
    "body": "Teacher",
    "sender": "Om Raheja",
    "created_at": "2020-05-18T21:15:15Z"
  },
  {
    "body": "Sorry",
    "sender": "Om Raheja",
    "created_at": "2020-05-18T21:15:13Z"
  },
  {
    "body": "It's Tim!",
    "sender": "Ram Kosaraju",
    "created_at": "2020-05-18T21:14:28Z"
  },
  {
    "body": "Hi guys want to join cms baseball",
    "sender": "Ram Kosaraju",
    "created_at": "2020-05-18T20:27:10Z"
  },
  {
    "body": "Hi guys want to join cms baseball",
    "sender": "Ram Kosaraju",
    "created_at": "2020-05-18T20:27:08Z"
  },
  {
    "body": "Hi guys want to join cms baseball",
    "sender": "Ram Kosaraju",
    "created_at": "2020-05-18T20:27:07Z"
  },
  {
    "body": "hi",
    "sender": "Ram Kosaraju",
    "created_at": "2020-05-18T20:22:38Z"
  },
  {
    "body": "i'm right here you know",
    "sender": "Ram Kosaraju",
    "created_at": "2020-05-18T20:16:19Z"
  },
  {
    "body": "ok",
    "sender": "Ram Kosaraju",
    "created_at": "2020-05-18T20:16:13Z"
  },
  {
    "body": "You get paid 2x as much when you type here. Keep this open at least once a week.",
    "sender": "Om Raheja",
    "created_at": "2020-05-14T21:59:18Z"
  },
  {
    "body": "Please use remind more, thank you very much.",
    "sender": "Om Raheja",
    "created_at": "2020-05-06T21:13:55Z"
  },
  {
    "body": "SkyClan! We welcome a new warrior, Speedclaw.",
    "sender": "Om Raheja",
    "created_at": "2020-04-29T18:21:16Z"
  },
  {
    "body": "Hello!",
    "sender": "Om Raheja",
    "created_at": "2020-04-06T14:21:26Z"
  }
]
