[
  {
    "body": "You get paid 2x as much when you type here. Keep this open at least once a week.",
    "sender": "Om Raheja",
    "created_at": "2020-05-14T21:59:18Z"
  },
  {
    "body": "Yup",
    "sender": "Om Raheja",
    "created_at": "2020-05-14T14:25:35Z"
  },
  {
    "body": "ok",
    "sender": "Anuj Yella",
    "created_at": "2020-05-14T14:25:04Z"
  },
  {
    "body": "Please use remind more, thank you very much.",
    "sender": "Om Raheja",
    "created_at": "2020-05-06T21:13:55Z"
  },
  {
    "body": "SkyClan! We welcome a new warrior, Speedclaw.",
    "sender": "Om Raheja",
    "created_at": "2020-04-29T18:21:16Z"
  },
  {
    "body": "Hi",
    "sender": "Om Raheja",
    "created_at": "2020-04-07T15:53:30Z"
  },
  {
    "body": "hi",
    "sender": "Anuj Yella",
    "created_at": "2020-04-07T15:48:41Z"
  }
]
