[
  {
    "body": "Hey, every member who would like to join SkyClan:\nhttps://tinyurl.com/skyclan-discord",
    "sender": "Om Raheja",
    "created_at": "2021-09-09T16:17:01Z"
  },
  {
    "body": "You get paid 2x as much when you type here. Keep this open at least once a week.",
    "sender": "Om Raheja",
    "created_at": "2020-05-14T21:59:18Z"
  },
  {
    "body": "Please use remind more, thank you very much.",
    "sender": "Om Raheja",
    "created_at": "2020-05-06T21:13:55Z"
  },
  {
    "body": "SkyClan! We welcome a new warrior, Speedclaw.",
    "sender": "Om Raheja",
    "created_at": "2020-04-29T18:21:16Z"
  },
  {
    "body": "And this is what it was before Arabic",
    "sender": "Om Raheja",
    "created_at": "2020-04-03T20:54:56Z",
    "attachments": [
      {
        "name": "Screenshot 2020-04-03 at 4.54.34 PM.png",
        "url": "https://d2dej1z4r2nszb.cloudfront.net/images/1e04a1e6-82b1-449c-b9a5-1736f3293ad1/Screenshot%202020-04-03%20at%204.54.34%20PM.png?image=true&fit=max&w=600&h=600&Expires=1707436800&Signature=WAl3wtueILgBK7vWbUBl2aYUG0Ag604lFVIJBFC7yUWn79ioqESdPKJkZ12-tatw3BJ1yr~UVS7DpPeym0bg9F4gCE4x145cAaOguIJkGNAUCnA0wtfPvXX5EpoCIKzUb6lcCzKlKTPdVLpONUE0E6BMPsST8oJt~l0MCdYEUkERltmdrQKHlbpVnes8MjkQnrJTH4Knm~NYWZjcx8Mbgy6CxNA2vLPgw0pemwOSRLVlAuX9yvQz7Q3GoZXY~XZuPGQ6qcdcXWd0vEzIVJoKUfAZBhBctozLTgCU6shMQcqd7DV-8bBxJhyghjJWYSp4xrlSyVxJahJ87ilOfQ8MCA__&Key-Pair-Id=APKAIYBEA2OWI77AFPYQ"
      }
    ]
  },
  {
    "body": "When I translated it back.",
    "sender": "Om Raheja",
    "created_at": "2020-04-03T20:52:56Z",
    "attachments": [
      {
        "name": "Screenshot 2020-04-03 at 4.52.34 PM.png",
        "url": "https://d2dej1z4r2nszb.cloudfront.net/images/cb34a4da-a2b1-45fa-a0ba-a44e27fe2fa5/Screenshot%202020-04-03%20at%204.52.34%20PM.png?image=true&fit=max&w=600&h=600&Expires=1707436800&Signature=ACIPHbvBHVkQbd3ScsK1rcR-iv1x69fi7WrJw3-t7Oy0K0XIz0-BqcA0g-Z9upeKB~G3wvJhymfIDmqw7zK-sETM-iLPA62~YTFl79EFGJGLlzKaGp6HakF~Uw70fPCk-YigzbA395BIapDIYijjGzAEBLVfYANxA3g6izi2cBL4jXvty-nC0tqDYlH3p6bXirarDvYsGo-XgLI8WSe82SC3ToABgtvH~wqrkKdT-csYv0qhrblEyG2qlA4D1vtNLJkbWpyYgUb-C2UQfhaKreir2jdemWnzMLTUjqB-ZXK3iC9fR4byZRQuXA6PfCbKfYuIQHJFyRObUgploVak2A__&Key-Pair-Id=APKAIYBEA2OWI77AFPYQ"
      }
    ]
  },
  {
    "body": "قال Umbercastle 2.0 ، الرئيس التنفيذي لـ Etzklan: \"قال Blazister أن الأمة بأكملها ماتت\". ربما يعني هذا أنه اعترف بالهزيمة وقال إنه مات.",
    "sender": "Om Raheja",
    "created_at": "2020-04-03T20:50:16Z"
  },
  {
    "body": "It is one of ours.",
    "sender": "Om Raheja",
    "created_at": "2020-03-27T17:22:34Z"
  },
  {
    "body": "This could be our keep in touch if school is closed",
    "sender": "Bhavishya Jammuladinne",
    "created_at": "2020-03-11T16:18:14Z"
  },
  {
    "body": "Check this out! How do you like it?",
    "sender": "Om Raheja",
    "created_at": "2020-01-16T23:08:07Z",
    "attachments": [
      {
        "name": "SkyClan.jpg",
        "url": "https://d2dej1z4r2nszb.cloudfront.net/images/b9e0c085-1188-4ad9-a857-137b7b987f2b/SkyClan.jpg?h=600&image=true&fit=max&w=600&Expires=1707436800&Signature=DEEMeI~EOKAhmeSZIVd5Ttv-Qcep1lu2suTh1xx2rQ~LozhUbsagfxp7Tm6dVdWj30VxvbxjPC4SAOW3uLcVWJc5wdvNSg3qaFtDhvhQSEna~lEZVud7hOdoROXgfWKAP5LWIJnK9isKmdhLp8VlUyzwbxLhi~OkHFY4-qi2jbTKHdp6~7At7zGvzVqtoOD2gwzdT0RmqGHenHPWsOc53ERuNpRGcfRiVfaTZAYF8CAvauJKFi5cC6cPFixJ9WDz2KkbYUjSV~UuagGTKUg~GJx5H4YS9ayULYJ4V~MGHBqz0Tr6jRVJM0O9TlBwcquDnUMHJpfjPd3RUUySLwaMbw__&Key-Pair-Id=APKAIYBEA2OWI77AFPYQ"
      }
    ]
  },
  {
    "body": "We have a new warrior: Vscofur (Bhavishya)",
    "sender": "Om Raheja",
    "created_at": "2020-01-08T23:48:58Z"
  },
  {
    "body": "Yes, Vscopaw? I am goign to make you a warrior.",
    "sender": "Om Raheja",
    "created_at": "2019-12-21T00:47:20Z"
  },
  {
    "body": "vsco hangout",
    "sender": "Bhavishya Jammuladinne",
    "created_at": "2019-12-19T23:11:37Z"
  },
  {
    "body": "When are you all going to check this?",
    "sender": "Om Raheja",
    "created_at": "2019-12-18T22:09:54Z"
  },
  {
    "body": "Dear SkyClan,\nPlease read my message.\nThank you,\nSpikestar",
    "sender": "Om Raheja",
    "created_at": "2019-12-12T22:16:52Z",
    "attachments": [
      {
        "name": "Screenshot 2019-12-12 at 5.16.14 PM.png",
        "url": "https://d2dej1z4r2nszb.cloudfront.net/images/5bdc1eb3-ad50-4a60-8aa3-264af2ed44dd/Screenshot%202019-12-12%20at%205.16.14%20PM.png?image=true&fit=max&w=600&h=600&Expires=1707436800&Signature=ipz9weDJIF-jY3QiaYLhpV5-a060XqZn-76EDno6Zew58V-KMttRgPDqmyIV6TS5JuTred0MnrMJWhe0OfMFd~ushdPoFnKbxMHrM2ddvSvGaqPb90Lw~3k6GaqgYo1z8fQ9A5dwqH0F9MyHgMRznVO-oAfv9ah-6eyWLrmn37pIIXQo05OOYXVeOQOyTNazp-tgya8VsIaMGwsXE8OhvDT3uJWxtfflBnwr1b~pMUuOcF7n5cNWrYIrFC0XNeb~v618rUfjnhrqtNNzlBLDMdlSPkHR457C-BMKEPqsCpwxStWP3xVSuGKrd9~W7c4Iso9tbaF-JhGUclTubUbriA__&Key-Pair-Id=APKAIYBEA2OWI77AFPYQ"
      }
    ]
  },
  {
    "body": "Dear SkyClan,\nToday we welcome a new warrior: Runningclaw!\nFrom the leader,\nSpikestar",
    "sender": "Om Raheja",
    "created_at": "2019-12-09T20:57:50Z"
  },
  {
    "body": "Dear SkyClan,\nDo not make the mistake of using our PRIVATE CHAT (Used for secrets) for useless information. Please. \nThank you,\nSpikestar",
    "sender": "Om Raheja",
    "created_at": "2019-12-06T23:07:54Z"
  },
  {
    "body": "Dear SkyClan,\nView this message.\nFrom,\nSpikestar",
    "sender": "Om Raheja",
    "created_at": "2019-12-04T21:44:13Z",
    "attachments": [
      {
        "name": "Screenshot 2019-12-04 at 4.43.36 PM.png",
        "url": "https://d2dej1z4r2nszb.cloudfront.net/images/99bc667e-b29c-4fbc-a350-fae3611b646f/Screenshot%202019-12-04%20at%204.43.36%20PM.png?image=true&fit=max&w=600&h=600&Expires=1707436800&Signature=Umi2SOa8bVxsf4IwySbWmXbxf05boHdhbycLO8reyxx3~TLd3Ost0J0f4QKUdKjLnhrvuHlqNovUhl6EJUvzQm9fcvbb8diljMaMkFebIRFu~WOO2hTLUTW1EqSBFTRbbAeJW7sF59FwqbLR3a1RDApvrHIApTJLUNn0eNZBpts9fK0JrevajZRyl8DoD0turEE5V3kXvh41uUpijh36-eGUDPQvSfu1oBSTqSwivsYN7Ca0yltLltVuDHBlcqPeK-sPo2SuxqZmYHqvvwOw-3cEb8991Tm1YherFe5jo~fczjnOEiufkAd3cDjRO04bHDzBZ4Duy545qE5kHVe1lw__&Key-Pair-Id=APKAIYBEA2OWI77AFPYQ"
      }
    ]
  },
  {
    "body": "Dear SkyClan,\nUpdate your notification preferences. Lionshade & Pizzapaw have already done this, so learn from them. \nFrom,\nSpikestar",
    "sender": "Om Raheja",
    "created_at": "2019-12-03T22:40:36Z"
  },
  {
    "body": "Dear SkyClan,\nPlease spread the word of the Clan with this poster I created. \nThank you,\nSpikestar",
    "sender": "Om Raheja",
    "created_at": "2019-12-03T22:37:25Z",
    "attachments": [
      {
        "name": "SkyClan_Poster (1).png",
        "url": "https://d2dej1z4r2nszb.cloudfront.net/images/62a9f675-2d64-45ed-a31e-7a8c49ea1d8c/SkyClan_Poster%20%281%29.png?w=600&h=600&image=true&fit=max&Expires=1707436800&Signature=C~ra2d-LqovI7-lgE995KeH62uyI2RzuPKdwLFZGuIZkxPVbLVJ48HiY3TXhHTkrewBRismho5j2yXWu7lNJmF-RDm~dnxAqFsQb0c8d5hZi6egvi4VMIIrOWk9r-14ExEZzQgTP7ly1WCSOdHNgvyrHqycoBcQ2i9mUPkKthnnOWNIYIHkVMzCPO--8sthGKpe2v12Z5~c9WUlGk384Nz3tr7TGqm8LXec5Fo~1iRpMMvr7MA0kTBBb8bepkNixuXDB5v6W6Hg8jEfi4gFKQUFixpASbYqaKTgmerorddZ9gOXiuG8XS0f0GVnnJd8vhtLVUjkyTi8XZnldwowRfA__&Key-Pair-Id=APKAIYBEA2OWI77AFPYQ"
      }
    ]
  },
  {
    "body": "Dear SkyClan,\nPlease go to the YeetClan official website. Here is the link: https://padlet.com/26vr1027/qg48kdj08oe3?utm_campaign=added_chat_post&utm_medium=desktop&utm_source=notifications\nFrom,\nSpikestar",
    "sender": "Om Raheja",
    "created_at": "2019-12-02T18:14:18Z"
  },
  {
    "body": "Dear SkyClan,\nPlease spread the word that SkyClan exists and find more recruits. We could do with some warriors. From, Spikestar",
    "sender": "Om Raheja",
    "created_at": "2019-12-02T18:12:52Z"
  },
  {
    "body": "We have new members! Milav, Bhargav (Possibly Ballpaw), and Bhavesh (Possibly Bobpaw)",
    "sender": "Om Raheja",
    "created_at": "2019-11-27T22:52:46Z"
  },
  {
    "body": "Sure! Why not??",
    "sender": "Om Raheja",
    "created_at": "2019-11-14T21:17:18Z"
  },
  {
    "body": "Can you listen to me",
    "sender": "Bhavishya Jammuladinne",
    "created_at": "2019-11-14T13:44:44Z"
  },
  {
    "body": "Om I have the BEST plan ever!",
    "sender": "Bhavishya Jammuladinne",
    "created_at": "2019-11-14T00:46:46Z"
  }
]
