[
  {
    "body": "When are you all going to check this?",
    "sender": "Om Raheja",
    "created_at": "2019-12-18T22:09:54Z"
  },
  {
    "body": "Dear SkyClan,\nPlease read my message.\nThank you,\nSpikestar",
    "sender": "Om Raheja",
    "created_at": "2019-12-12T22:16:52Z",
    "attachments": [
      {
        "name": "Screenshot 2019-12-12 at 5.16.14 PM.png",
        "url": "https://d2dej1z4r2nszb.cloudfront.net/images/5bdc1eb3-ad50-4a60-8aa3-264af2ed44dd/Screenshot%202019-12-12%20at%205.16.14%20PM.png?fit=max&w=600&h=600&image=true&Expires=1707436800&Signature=WYyLqOOFMx3Qt~Rn8MWitN0srW5K6ZrlMxvSo-OMPCldYFQrdpAuOGzLIF0bLWam8ICrouq-ocR6D9-3sp-30WmAAj0ytxM78Gf0-b6S1-P7FtzJPQXtSK8cez5hRtCrk1xxzP7PyzgW2JmwIl6buJAT-xvxamat0uyq3VhLXuyOMnSru0KL~gkMyXUaQ3eF12Vq5MnkyNelBZCJDc1oeylGiyoUm0wbdDJCX0PMWd6UckgLMXMFOIf5Yj8nzuFxG2~Vt~DHb1K-Jf13PYRiI5~3n7SSoDe3rn1SRyeMMEr9OBm9Qu3jdCEvaqc2k7W5oG4wUbbIFc-pcWX0lePEWA__&Key-Pair-Id=APKAIYBEA2OWI77AFPYQ"
      }
    ]
  },
  {
    "body": "Dear SkyClan,\nToday we welcome a new warrior: Runningclaw!\nFrom the leader,\nSpikestar",
    "sender": "Om Raheja",
    "created_at": "2019-12-09T20:57:50Z"
  },
  {
    "body": "Dear SkyClan,\nDo not make the mistake of using our PRIVATE CHAT (Used for secrets) for useless information. Please. \nThank you,\nSpikestar",
    "sender": "Om Raheja",
    "created_at": "2019-12-06T23:07:54Z"
  },
  {
    "body": "Dear SkyClan,\nView this message.\nFrom,\nSpikestar",
    "sender": "Om Raheja",
    "created_at": "2019-12-04T21:44:13Z",
    "attachments": [
      {
        "name": "Screenshot 2019-12-04 at 4.43.36 PM.png",
        "url": "https://d2dej1z4r2nszb.cloudfront.net/images/99bc667e-b29c-4fbc-a350-fae3611b646f/Screenshot%202019-12-04%20at%204.43.36%20PM.png?w=600&h=600&image=true&fit=max&Expires=1707436800&Signature=CsX1Iuq4WwDrgDnmvlK8Z-6bGqkAd9AHNjRSI7OLXtw5Ap41~DczPeZV1QY6OM3-akduIXnYgHB6cg3eIqWhjBYqmUepiKBbXV5mxCMCvQ49atvKaKLTOBztxTuvudUa1eC3iHUYBEOKx-QrsfDtMSxmLl73WUCDTpeY8ihv9aR3n2s4Ao00WUKcfUc8lE3DQXQlyC~u0ruxE~7OFGOTtZZkPXOvK-HjBMCgKxvj4aNUge5dl06PaX-vIsSRdxBjTlj5PrUc~LB6vpi~jA7M8-JQVs~TWcMzgtDz64dT33OEKHXXlFDm2sBnuY9WPDPcLB9SOZjQR4uN23cjHdngHA__&Key-Pair-Id=APKAIYBEA2OWI77AFPYQ"
      }
    ]
  },
  {
    "body": "Dear SkyClan,\nUpdate your notification preferences. Lionshade & Pizzapaw have already done this, so learn from them. \nFrom,\nSpikestar",
    "sender": "Om Raheja",
    "created_at": "2019-12-03T22:40:36Z"
  },
  {
    "body": "Dear SkyClan,\nPlease spread the word of the Clan with this poster I created. \nThank you,\nSpikestar",
    "sender": "Om Raheja",
    "created_at": "2019-12-03T22:37:25Z",
    "attachments": [
      {
        "name": "SkyClan_Poster (1).png",
        "url": "https://d2dej1z4r2nszb.cloudfront.net/images/62a9f675-2d64-45ed-a31e-7a8c49ea1d8c/SkyClan_Poster%20%281%29.png?image=true&fit=max&w=600&h=600&Expires=1707436800&Signature=Tr8drW378bj1ZIrtnS~8ohe7wQPy4HMbxh3aXkdLxU51dYoCmlguFYp3Bv6MkKIq-sUKYJqeunuSu5ihmc92eQMxNumF4mY8kUJgEPJOcoWTq0Wjc2Awd59GJR~pbWQV-FKsbsh6nSFOQM0GUxlelstMMtOP6Pe43OL4KrY~7Agrvz28BE5fKUXV9VRrYVcDpFhqEi-8YZymwXWMpxEPO8MzOm1nvM7-HTeDxdv6pMo9LL2k7K~eYB4XOF6at~plqja83jUsLvVPq9YF89z5E2xj1GLQc4-yoi4Ey5UCU9gQQg6CD-wDxBdx4xvQge7PS1pSTRgqmhtOta0Ll41vww__&Key-Pair-Id=APKAIYBEA2OWI77AFPYQ"
      }
    ]
  },
  {
    "body": "Dear SkyClan,\nPlease go to the YeetClan official website. Here is the link: https://padlet.com/26vr1027/qg48kdj08oe3?utm_campaign=added_chat_post&utm_medium=desktop&utm_source=notifications\nFrom,\nSpikestar",
    "sender": "Om Raheja",
    "created_at": "2019-12-02T18:14:18Z"
  },
  {
    "body": "Dear SkyClan,\nPlease spread the word that SkyClan exists and find more recruits. We could do with some warriors. From, Spikestar",
    "sender": "Om Raheja",
    "created_at": "2019-12-02T18:12:52Z"
  },
  {
    "body": "Yeet",
    "sender": "Sai Jagan Bhashetty",
    "created_at": "2019-12-02T14:47:21Z"
  }
]
