[
  {
    "body": "Don't worry about that. Search up Jeon So-Mi.",
    "sender": "A. Benalan",
    "created_at": "2020-05-18T21:21:37Z"
  },
  {
    "body": "What's a weko",
    "sender": "Om Raheja",
    "created_at": "2020-05-18T21:07:43Z"
  },
  {
    "body": "Ok",
    "sender": "Om Raheja",
    "created_at": "2020-05-18T21:07:39Z"
  },
  {
    "body": "search up jeon so-mi",
    "sender": "A. Benalan",
    "created_at": "2020-05-15T16:22:57Z"
  },
  {
    "body": "Bruh.",
    "sender": "Om Raheja",
    "created_at": "2020-05-14T21:59:41Z"
  },
  {
    "body": "And a \"Jeon So-MI!!!!!!!!!!!!!!!!!!!!!!!!!!!!!!!!!!!!!!\"?",
    "sender": "Om Raheja",
    "created_at": "2020-05-14T14:26:37Z"
  },
  {
    "body": "What's a \"WEKO\"?",
    "sender": "Om Raheja",
    "created_at": "2020-05-14T14:26:19Z"
  },
  {
    "body": "BRUH",
    "sender": "Om Raheja",
    "created_at": "2020-05-14T14:26:13Z"
  },
  {
    "body": "Jeon So-Mi!!!!!!!!!!!!!!!!!!!!!!!!!!!!!!!!!!!!!!",
    "sender": "A. Benalan",
    "created_at": "2020-05-12T17:30:34Z"
  },
  {
    "body": "ما هو \"WEKO\"؟",
    "sender": "Om Raheja",
    "created_at": "2020-05-11T21:37:52Z"
  },
  {
    "body": "Bruh",
    "sender": "Om Raheja",
    "created_at": "2020-05-11T21:37:26Z"
  },
  {
    "body": "ماذا تعني؟",
    "sender": "Om Raheja",
    "created_at": "2020-05-06T21:13:17Z"
  },
  {
    "body": "\"WEKO\"? What does that mean?",
    "sender": "Om Raheja",
    "created_at": "2020-05-06T21:13:03Z"
  },
  {
    "body": "WEKO",
    "sender": "A. Benalan",
    "created_at": "2020-05-05T20:04:05Z"
  },
  {
    "body": "You said \"I'm not your servant\"",
    "sender": "Om Raheja",
    "created_at": "2020-05-05T19:37:49Z"
  },
  {
    "body": "Bro when did I say \"servants\"?",
    "sender": "A. Benalan",
    "created_at": "2020-05-01T21:25:09Z"
  },
  {
    "body": "Just saying what did you score on the optimisim test thing in social studies? I got (-1,-1)",
    "sender": "Om Raheja",
    "created_at": "2020-05-01T19:04:25Z"
  },
  {
    "body": "Well, that is your fault if you always want to be so negative. If anyone does happen to be bored that's why it's posted, big bot! Know that I am not callng anyone my servant and why would I want a servant? It's good enough to have Clanmates that help me once a day.",
    "sender": "Om Raheja",
    "created_at": "2020-05-01T19:02:59Z"
  },
  {
    "body": "Actually I do have a problem with it. Nobody's going to waste their time\nmaking quizzes for you. People have more productive things to do. Why\nshould I waste my time for you? I'm not you servant, and I don't work fo\nyou.",
    "sender": "A. Benalan",
    "created_at": "2020-04-29T21:52:36Z"
  },
  {
    "body": "If you have a problem with that then that's your fault.",
    "sender": "Om Raheja",
    "created_at": "2020-04-29T18:02:29Z"
  },
  {
    "body": "It's really discouraging. If you don't want to create one for me then don't. Just don't make everything less optimistic for me.",
    "sender": "Om Raheja",
    "created_at": "2020-04-29T18:02:13Z"
  },
  {
    "body": "Dude why all the negative feedback?",
    "sender": "Om Raheja",
    "created_at": "2020-04-29T18:01:35Z"
  },
  {
    "body": "https://docs.google.com/forms/d/1fsaJIKQy4c1O7ou8aWV6PgfWVyanyyKQUw8bNmIma4Q/alreadyresponded?edit_requested=true is the link to the form.",
    "sender": "Om Raheja",
    "created_at": "2020-04-27T21:58:27Z"
  },
  {
    "body": "So yeah take a chill pill on your response, dude.",
    "sender": "Om Raheja",
    "created_at": "2020-04-23T00:38:54Z"
  },
  {
    "body": "I mean once we get advanced enough we might charge like $0.1 to join but otherwise that's it.",
    "sender": "Om Raheja",
    "created_at": "2020-04-23T00:38:02Z"
  },
  {
    "body": "So everything you said is wrong.",
    "sender": "Om Raheja",
    "created_at": "2020-04-23T00:37:15Z"
  },
  {
    "body": "Um, ok",
    "sender": "A. Benalan",
    "created_at": "2020-04-23T00:35:58Z"
  },
  {
    "body": "There are only one or two money purchases",
    "sender": "Om Raheja",
    "created_at": "2020-04-23T00:34:52Z"
  },
  {
    "body": "And once people get the hang of being a warrior, paying all these purchases will be like snapping ur fingers!",
    "sender": "Om Raheja",
    "created_at": "2020-04-23T00:34:43Z"
  },
  {
    "body": "I said \"fake  but real seeming religion\"",
    "sender": "Om Raheja",
    "created_at": "2020-04-23T00:33:50Z"
  },
  {
    "body": "Yo dude they are books. If you want to read the books 500 SKybucks ad ay",
    "sender": "Om Raheja",
    "created_at": "2020-04-23T00:33:40Z"
  },
  {
    "body": "Where the heck did this info come from",
    "sender": "Om Raheja",
    "created_at": "2020-04-23T00:33:14Z"
  },
  {
    "body": "DUDE",
    "sender": "Om Raheja",
    "created_at": "2020-04-23T00:33:06Z"
  },
  {
    "body": "Yes?",
    "sender": "A. Benalan",
    "created_at": "2020-04-23T00:32:59Z"
  },
  {
    "body": "Oh a video is for idk how many Skybucks, but all the purchases you said are in Skybucks.",
    "sender": "Om Raheja",
    "created_at": "2020-04-23T00:32:59Z"
  },
  {
    "body": "Dude, it's $1 for 50 Skybucks, and that's like a control group. Like if you ever run out of Skybucks and need some Skybucks immidiately, then there you go!",
    "sender": "Om Raheja",
    "created_at": "2020-04-23T00:32:24Z"
  },
  {
    "body": "Yo???",
    "sender": "Om Raheja",
    "created_at": "2020-04-23T00:31:16Z"
  },
  {
    "body": "OMG, WHY ARE YOU CHARGING PEOPLE REAL MONEY FOR SKYBUCKS. SKYBUCKS ARE\nABSOLUTELY NOT USEFUL AT ALL, AND A VIDEO FOR 300 DOLLARS, LIKE WTH. 5,000\nSKYBUCKS A DAY TO RENT OUT A BOOK!?!, LIKE ANYONE'S GOING TO PRACTICE  THE\n\"SKYCLAN RELIGION\", AND LEADER FOR 400 DOLLARS A WEEK, I DON'T EVEN THINK\nYOU HAVE THAT MUCH MONEY.\n\nDONT' MAKE PEOPLE PAY REAL MONEY, AND ALSO TO WORSHIP \"SKYCLAN GODS\",\nTHEY'RE PARENTS ARE GOING TO GET REALLY MAD.",
    "sender": "A. Benalan",
    "created_at": "2020-04-20T19:33:35Z"
  },
  {
    "body": "Anyways, I'll give you editing access, just send me the link.",
    "sender": "A. Benalan",
    "created_at": "2020-04-20T18:40:47Z"
  },
  {
    "body": "I really don't care about SkyClan and that trash so yeah, sorry.\n\n(Sorry if this sounds rude)",
    "sender": "A. Benalan",
    "created_at": "2020-04-20T18:40:01Z"
  },
  {
    "body": "Hmmmmm, maybe",
    "sender": "A. Benalan",
    "created_at": "2020-04-20T17:32:24Z"
  },
  {
    "body": "Thanks, can I have editing access to the Site Review? It is a historical site, I need to have access to be able to see responses and stuff. We even started on member passwords.",
    "sender": "Om Raheja",
    "created_at": "2020-04-20T17:26:30Z"
  },
  {
    "body": "It's ok",
    "sender": "A. Benalan",
    "created_at": "2020-04-07T21:28:18Z"
  },
  {
    "body": "Was there anything else you liked?",
    "sender": "Om Raheja",
    "created_at": "2020-04-07T16:33:44Z"
  },
  {
    "body": "Thanks",
    "sender": "Om Raheja",
    "created_at": "2020-04-07T16:30:53Z"
  },
  {
    "body": "Yes, I did.",
    "sender": "A. Benalan",
    "created_at": "2020-04-07T16:21:33Z"
  },
  {
    "body": "Did you like how it's not so childish anymore?",
    "sender": "Om Raheja",
    "created_at": "2020-04-07T16:10:13Z"
  },
  {
    "body": "Okay well that's your opinion",
    "sender": "Om Raheja",
    "created_at": "2020-04-07T16:06:41Z"
  },
  {
    "body": "I had to develop 6 companies",
    "sender": "Om Raheja",
    "created_at": "2020-04-07T16:06:33Z"
  },
  {
    "body": "Come on",
    "sender": "Om Raheja",
    "created_at": "2020-04-07T16:06:23Z"
  },
  {
    "body": "Uhhhhhh, not really",
    "sender": "A. Benalan",
    "created_at": "2020-04-07T16:04:19Z"
  },
  {
    "body": "It took me a week to develop",
    "sender": "Om Raheja",
    "created_at": "2020-04-07T15:54:45Z"
  },
  {
    "body": "Well, did you like the Skybucks stuff?",
    "sender": "Om Raheja",
    "created_at": "2020-04-07T15:54:24Z"
  },
  {
    "body": "Ok",
    "sender": "A. Benalan",
    "created_at": "2020-04-07T15:45:29Z"
  },
  {
    "body": "Thank you.",
    "sender": "Om Raheja",
    "created_at": "2020-04-07T15:43:53Z"
  },
  {
    "body": "Ok",
    "sender": "A. Benalan",
    "created_at": "2020-04-04T18:04:34Z"
  },
  {
    "body": "Can I please be owner of this SkyClan Form? I need access to it, it's a better form. https://docs.google.com/forms/d/e/1FAIpQLScKvbt-MCffEhKnSWISbxCKx_48PMrdv85pJV731Lh6ZUVnIg/viewform",
    "sender": "Om Raheja",
    "created_at": "2020-04-04T17:46:30Z"
  },
  {
    "body": "We are all safe.",
    "sender": "Om Raheja",
    "created_at": "2020-04-04T17:45:50Z"
  },
  {
    "body": "Ok... How are you and your family? Be safe!!",
    "sender": "A. Benalan",
    "created_at": "2020-04-04T03:11:36Z"
  },
  {
    "body": "I hope everything is good for you, I know you are not in SkyClan but we are not so childish anymore, Evidence: bit.ly/skyclan-website. I'm not forcing you to join SkyClan again, but check it out anyway.",
    "sender": "Om Raheja",
    "created_at": "2020-04-03T20:45:41Z"
  },
  {
    "body": "What's up?",
    "sender": "Om Raheja",
    "created_at": "2020-04-03T20:42:47Z"
  },
  {
    "body": "Hi Aldric!",
    "sender": "Om Raheja",
    "created_at": "2020-04-03T20:42:37Z"
  },
  {
    "body": "Hi Om!!",
    "sender": "A. Benalan",
    "created_at": "2020-03-27T23:34:09Z"
  },
  {
    "body": "Hello, abenal.",
    "sender": "Om Raheja",
    "created_at": "2020-03-27T20:01:34Z"
  },
  {
    "body": "WHAT ARE YOU EVEN TALKING ABOUT",
    "sender": "Om Raheja",
    "created_at": "2020-01-23T20:36:37Z"
  },
  {
    "body": "WHAT THE FLIP",
    "sender": "Om Raheja",
    "created_at": "2020-01-23T20:36:26Z"
  },
  {
    "body": "WHAT ON EARTH",
    "sender": "Om Raheja",
    "created_at": "2020-01-23T20:36:23Z"
  },
  {
    "body": "okkkkkkkkkkkkkkkkkkk, bye",
    "sender": "A. Benalan",
    "created_at": "2020-01-23T20:36:14Z"
  },
  {
    "body": "I thought you just said that you are no longer affiliated with Clans...",
    "sender": "Om Raheja",
    "created_at": "2020-01-23T20:36:00Z"
  },
  {
    "body": "ok im not leaving",
    "sender": "A. Benalan",
    "created_at": "2020-01-23T20:35:54Z"
  },
  {
    "body": "You can help? How?",
    "sender": "Om Raheja",
    "created_at": "2020-01-23T20:34:27Z"
  },
  {
    "body": "And I use his other commputer a lot",
    "sender": "Om Raheja",
    "created_at": "2020-01-23T20:34:17Z"
  },
  {
    "body": "No I can help",
    "sender": "A. Benalan",
    "created_at": "2020-01-23T20:34:11Z"
  },
  {
    "body": "On my dad's computer I have my account.",
    "sender": "Om Raheja",
    "created_at": "2020-01-23T20:34:08Z"
  },
  {
    "body": "Kind of",
    "sender": "Om Raheja",
    "created_at": "2020-01-23T20:33:53Z"
  },
  {
    "body": "I don't quite understand your question. Also, just out of curiosity do u\nhave a home computer that is yours?",
    "sender": "A. Benalan",
    "created_at": "2020-01-23T20:33:43Z"
  },
  {
    "body": "As you know, I am serious when I enter Clan info.",
    "sender": "Om Raheja",
    "created_at": "2020-01-23T20:33:19Z"
  },
  {
    "body": "I don't know.",
    "sender": "A. Benalan",
    "created_at": "2020-01-23T20:33:09Z"
  },
  {
    "body": "Hey don't leave yet.",
    "sender": "Om Raheja",
    "created_at": "2020-01-23T20:32:49Z"
  },
  {
    "body": "Never mind.",
    "sender": "Om Raheja",
    "created_at": "2020-01-23T20:32:28Z"
  },
  {
    "body": "if u are taking this seriously, then this is too far, bye",
    "sender": "A. Benalan",
    "created_at": "2020-01-23T20:32:28Z"
  },
  {
    "body": "What do you mean?",
    "sender": "A. Benalan",
    "created_at": "2020-01-23T20:32:18Z"
  },
  {
    "body": "Hey what's up?",
    "sender": "A. Benalan",
    "created_at": "2020-01-23T20:32:12Z"
  },
  {
    "body": "That is a risk.",
    "sender": "Om Raheja",
    "created_at": "2020-01-23T20:31:56Z"
  },
  {
    "body": "We could turn out and die.",
    "sender": "Om Raheja",
    "created_at": "2020-01-23T20:31:51Z"
  },
  {
    "body": "So what is your answer?",
    "sender": "Om Raheja",
    "created_at": "2020-01-23T20:31:40Z"
  },
  {
    "body": "what is the problem?",
    "sender": "A. Benalan",
    "created_at": "2020-01-23T20:31:37Z"
  },
  {
    "body": "Okay!",
    "sender": "A. Benalan",
    "created_at": "2020-01-23T20:31:29Z"
  },
  {
    "body": "But then we would be more vulnerable than before.",
    "sender": "Om Raheja",
    "created_at": "2020-01-23T20:30:36Z"
  },
  {
    "body": "I asked you if you would add them as \"online members\".",
    "sender": "Om Raheja",
    "created_at": "2020-01-23T20:30:14Z"
  },
  {
    "body": "They can't come over.",
    "sender": "Om Raheja",
    "created_at": "2020-01-23T20:29:59Z"
  },
  {
    "body": "We have people in the B and D lunch.",
    "sender": "Om Raheja",
    "created_at": "2020-01-23T20:29:54Z"
  },
  {
    "body": "I don't understand your question",
    "sender": "A. Benalan",
    "created_at": "2020-01-23T20:29:39Z"
  },
  {
    "body": "Let's talk.",
    "sender": "Om Raheja",
    "created_at": "2020-01-23T20:29:06Z"
  },
  {
    "body": "okay",
    "sender": "Om Raheja",
    "created_at": "2020-01-23T20:28:52Z"
  },
  {
    "body": "I'm here.",
    "sender": "A. Benalan",
    "created_at": "2020-01-23T20:28:47Z"
  },
  {
    "body": "You are here?",
    "sender": "Om Raheja",
    "created_at": "2020-01-23T20:25:01Z"
  },
  {
    "body": "Hi?",
    "sender": "Om Raheja",
    "created_at": "2020-01-23T20:24:56Z"
  },
  {
    "body": "Ok",
    "sender": "A. Benalan",
    "created_at": "2020-01-23T20:24:48Z"
  },
  {
    "body": "O. Raheja",
    "sender": "Om Raheja",
    "created_at": "2020-01-23T20:23:56Z"
  },
  {
    "body": "Thank you,",
    "sender": "Om Raheja",
    "created_at": "2020-01-23T20:23:52Z"
  },
  {
    "body": "Would you have added online members to SkyClan?",
    "sender": "Om Raheja",
    "created_at": "2020-01-23T20:23:47Z"
  },
  {
    "body": "I just came to ask you a question if you are sO sMaRt.",
    "sender": "Om Raheja",
    "created_at": "2020-01-23T20:23:19Z"
  },
  {
    "body": "I know you wouldn't join back anyway.",
    "sender": "Om Raheja",
    "created_at": "2020-01-23T20:22:59Z"
  },
  {
    "body": "but SkyClan has stopped it's childish nature and you know it.",
    "sender": "Om Raheja",
    "created_at": "2020-01-23T20:22:32Z"
  },
  {
    "body": "If I am spamming your email, I am sorry,",
    "sender": "Om Raheja",
    "created_at": "2020-01-23T20:22:10Z"
  },
  {
    "body": "But however, things are starting to be resolved.",
    "sender": "Om Raheja",
    "created_at": "2020-01-23T20:21:56Z"
  },
  {
    "body": "I think that you have a point there.",
    "sender": "Om Raheja",
    "created_at": "2020-01-23T20:21:35Z"
  },
  {
    "body": "A. Benelan,",
    "sender": "Om Raheja",
    "created_at": "2020-01-23T20:21:23Z"
  },
  {
    "body": "O. Raheja,\n\nFirst of all, when you say \"ur life is sick boi\", you are basically\naddressing yourself on your life, and honestly, I think my life is way\nbetter without SkyClan involved in it. Second of all, I am not willing to\nbe affiliated with any part of SkyClan, and I will continue not to meet\nwithout childish SkyClan. And yes you are emailing me because it comes to\nme as an email, because I don't have much time to deal with Remind as you\nare my only contact. And I am not 6 years old. Thanks for your email. Also,\nnote that I am not going to join SkyClan, and please stop emailing me, it\nis getting really annoying and is a waste of time from me.\n\n\nThanks,\n    Aldric",
    "sender": "A. Benalan",
    "created_at": "2020-01-09T22:28:09Z"
  },
  {
    "body": "Ur life is sick boi",
    "sender": "Om Raheja",
    "created_at": "2020-01-09T22:18:57Z"
  },
  {
    "body": "Goodby ur6 = Goodbye, your 6",
    "sender": "Om Raheja",
    "created_at": "2020-01-09T22:18:39Z"
  },
  {
    "body": "Join SkyClan or stop meeting with us .",
    "sender": "Om Raheja",
    "created_at": "2020-01-09T22:17:50Z"
  },
  {
    "body": "I am ereminding you, not emailing.",
    "sender": "Om Raheja",
    "created_at": "2020-01-09T22:16:40Z"
  },
  {
    "body": "please stop emailing me",
    "sender": "A. Benalan",
    "created_at": "2020-01-08T23:57:59Z"
  },
  {
    "body": "So my point is, join SkyClan or stop meeting with us.",
    "sender": "Om Raheja",
    "created_at": "2020-01-08T23:51:49Z"
  },
  {
    "body": "Look, A. Benalan, you call us \"childish\". Then you be \"childish\". And the reason I am in SkyClan was because I TRIED I seriously did try out the cool group :) but I got kicked out. Now, even you guys hate us :(",
    "sender": "Om Raheja",
    "created_at": "2020-01-08T23:51:27Z"
  },
  {
    "body": "im fine",
    "sender": "A. Benalan",
    "created_at": "2019-12-19T00:00:22Z"
  },
  {
    "body": "Why? It is true that we need YOU.",
    "sender": "Om Raheja",
    "created_at": "2019-12-18T22:10:40Z"
  },
  {
    "body": "stop",
    "sender": "A. Benalan",
    "created_at": "2019-12-17T21:14:02Z"
  },
  {
    "body": "WE ARE DEAD HELP",
    "sender": "Om Raheja",
    "created_at": "2019-12-17T20:53:20Z"
  },
  {
    "body": "PLZ PLZ PLZ PLZ WEEE NEED A NEW DEPUTY PLZ",
    "sender": "Om Raheja",
    "created_at": "2019-12-17T20:53:07Z"
  },
  {
    "body": "IT IS THE END OF THE WORLD",
    "sender": "Om Raheja",
    "created_at": "2019-12-17T20:52:40Z"
  },
  {
    "body": "FIRESTRIKE YOU DIDN'T JOIN BACK NOOOO",
    "sender": "Om Raheja",
    "created_at": "2019-12-17T20:52:31Z"
  },
  {
    "body": "I have a question: The job of the deputy is to advise the leader and help in making big decisions. You want me to help; you care for SkyClan. Why don't you come back? You would be a great help and could join as deputy because you were deputy before you left. Our new deputy, Hailstorm, isn't helping as much as you. SkyClan needs you, Firestrike, SkyClan needs you.",
    "sender": "Om Raheja",
    "created_at": "2019-12-06T23:14:29Z"
  },
  {
    "body": "Can just me and you talk here? No one else? Because I have a lot of info for you...",
    "sender": "Om Raheja",
    "created_at": "2019-12-06T23:10:50Z"
  },
  {
    "body": "What do you mean \"ok\"? Firestrike, you just gave me the perfect place to keep SkyClan's secrets! Eureka!",
    "sender": "Om Raheja",
    "created_at": "2019-12-04T21:40:24Z"
  },
  {
    "body": "ok?",
    "sender": "A. Benalan",
    "created_at": "2019-12-03T23:17:26Z"
  },
  {
    "body": "Firestrike! Thank you! Eureka!",
    "sender": "Om Raheja",
    "created_at": "2019-12-03T22:43:58Z"
  },
  {
    "body": "Hmm... Firestrike, you will never have my permission over SkyClan.",
    "sender": "Om Raheja",
    "created_at": "2019-11-14T00:33:18Z"
  },
  {
    "body": "I did not mean to",
    "sender": "A. Benalan",
    "created_at": "2019-11-04T23:04:50Z"
  },
  {
    "body": "Why did you ever take over my leadership?",
    "sender": "Om Raheja",
    "created_at": "2019-11-04T22:11:25Z"
  }
]
