[
  {
    "body": "Hey, every member who would like to join SkyClan:\nhttps://tinyurl.com/skyclan-discord",
    "sender": "Om Raheja",
    "created_at": "2021-09-09T16:17:01Z"
  },
  {
    "body": "Hai~",
    "sender": "Sunayna Shah",
    "created_at": "2020-06-18T14:57:30Z"
  },
  {
    "body": "Idk",
    "sender": "Om Raheja",
    "created_at": "2020-05-18T21:07:06Z"
  },
  {
    "body": "How am I goona teach Hasini",
    "sender": "Sunayna Shah",
    "created_at": "2020-05-18T16:06:53Z"
  },
  {
    "body": "I forgot how to make a remind account",
    "sender": "Sunayna Shah",
    "created_at": "2020-05-18T16:06:40Z"
  },
  {
    "body": "OM\nOM\nOM\nOM\nOM",
    "sender": "Sunayna Shah",
    "created_at": "2020-05-15T16:07:50Z"
  },
  {
    "body": "O<",
    "sender": "Sunayna Shah",
    "created_at": "2020-05-15T16:07:20Z"
  },
  {
    "body": "OM",
    "sender": "Sunayna Shah",
    "created_at": "2020-05-15T16:07:18Z"
  },
  {
    "body": "OM",
    "sender": "Sunayna Shah",
    "created_at": "2020-05-15T16:07:18Z"
  },
  {
    "body": "OM",
    "sender": "Sunayna Shah",
    "created_at": "2020-05-15T16:07:17Z"
  },
  {
    "body": "OM",
    "sender": "Sunayna Shah",
    "created_at": "2020-05-15T16:07:16Z"
  },
  {
    "body": "OM",
    "sender": "Sunayna Shah",
    "created_at": "2020-05-15T16:07:15Z"
  },
  {
    "body": "OM",
    "sender": "Sunayna Shah",
    "created_at": "2020-05-15T16:07:15Z"
  },
  {
    "body": "OM",
    "sender": "Sunayna Shah",
    "created_at": "2020-05-15T16:07:13Z"
  },
  {
    "body": "OM",
    "sender": "Sunayna Shah",
    "created_at": "2020-05-15T16:07:12Z"
  },
  {
    "body": "You get paid 2x as much when you type here. Keep this open at least once a week.",
    "sender": "Om Raheja",
    "created_at": "2020-05-14T21:59:18Z"
  },
  {
    "body": "Yeah",
    "sender": "Om Raheja",
    "created_at": "2020-05-14T21:58:39Z"
  },
  {
    "body": "no one else",
    "sender": "Sunayna Shah",
    "created_at": "2020-05-14T14:27:23Z"
  },
  {
    "body": "so i can only make one with you?",
    "sender": "Sunayna Shah",
    "created_at": "2020-05-14T14:27:12Z"
  },
  {
    "body": "this is only for annoncements",
    "sender": "Om Raheja",
    "created_at": "2020-05-14T14:26:57Z"
  },
  {
    "body": "You acn't",
    "sender": "Om Raheja",
    "created_at": "2020-05-14T14:26:51Z"
  },
  {
    "body": "Oh",
    "sender": "Om Raheja",
    "created_at": "2020-05-14T14:26:49Z"
  },
  {
    "body": "but i cant",
    "sender": "Sunayna Shah",
    "created_at": "2020-05-14T14:26:48Z"
  },
  {
    "body": "im trying to create a conversation with anuj",
    "sender": "Sunayna Shah",
    "created_at": "2020-05-14T14:26:45Z"
  },
  {
    "body": "ok",
    "sender": "Sunayna Shah",
    "created_at": "2020-05-14T14:26:02Z"
  },
  {
    "body": "Here is the curriculum",
    "sender": "Om Raheja",
    "created_at": "2020-05-14T14:25:55Z"
  },
  {
    "body": "https://docs.google.com/document/d/1y_X4FlZhc0vunlUf5ZQPSYxmfx8GgCyL7rXFD8IGEbU/edit",
    "sender": "Om Raheja",
    "created_at": "2020-05-14T14:25:49Z"
  },
  {
    "body": "What do you mean?",
    "sender": "Om Raheja",
    "created_at": "2020-05-14T14:25:46Z"
  },
  {
    "body": "how do i create another one?",
    "sender": "Sunayna Shah",
    "created_at": "2020-05-14T14:25:35Z"
  },
  {
    "body": "I know right?",
    "sender": "Om Raheja",
    "created_at": "2020-05-14T14:25:25Z"
  },
  {
    "body": "this is cooool",
    "sender": "Sunayna Shah",
    "created_at": "2020-05-14T14:24:35Z"
  },
  {
    "body": "hi",
    "sender": "Sunayna Shah",
    "created_at": "2020-05-14T14:23:57Z"
  }
]
