[
  {
    "body": "lol",
    "sender": "Suhas Kosaraju",
    "created_at": "2021-09-09T18:26:16Z"
  },
  {
    "body": "Skyclan is goated and how are yu super hit fire And you are very evil mwahahahahahha so sheeesh ad ur evil again so take the L and how tupis dkdjfkadj are you cool ggg",
    "sender": "Om Raheja",
    "created_at": "2021-09-09T18:25:46Z"
  },
  {
    "body": "loiuhikuyujtutt8iuo79utmi9x78iiuyuy87y8i6ii768i68o6l9k7",
    "sender": "Suhas Kosaraju",
    "created_at": "2021-09-09T18:24:55Z"
  },
  {
    "body": "very stupid",
    "sender": "Om Raheja",
    "created_at": "2021-09-09T18:24:29Z"
  },
  {
    "body": "ur stupid",
    "sender": "Om Raheja",
    "created_at": "2021-09-09T18:24:27Z"
  },
  {
    "body": "very stupid",
    "sender": "Om Raheja",
    "created_at": "2021-09-09T16:17:27Z"
  },
  {
    "body": "ur stupid",
    "sender": "Om Raheja",
    "created_at": "2021-09-09T16:17:25Z"
  },
  {
    "body": "Hey, every member who would like to join SkyClan:\nhttps://tinyurl.com/skyclan-discord",
    "sender": "Om Raheja",
    "created_at": "2021-09-09T16:17:01Z"
  },
  {
    "body": "https://www.youtube.com/watch?v=9dPVyp-DNrc",
    "sender": "Suhas Kosaraju",
    "created_at": "2020-08-10T14:11:07Z"
  },
  {
    "body": "ok",
    "sender": "Om Raheja",
    "created_at": "2020-06-04T18:15:09Z"
  },
  {
    "body": "*ok",
    "sender": "Suhas Kosaraju",
    "created_at": "2020-06-03T20:40:14Z"
  },
  {
    "body": "ok]",
    "sender": "Suhas Kosaraju",
    "created_at": "2020-06-03T20:40:11Z"
  },
  {
    "body": "Ok",
    "sender": "Om Raheja",
    "created_at": "2020-06-03T20:37:09Z"
  },
  {
    "body": "oh ok",
    "sender": "Suhas Kosaraju",
    "created_at": "2020-06-02T19:05:56Z"
  },
  {
    "body": "I said \"kk\" you said \"kk\" I said \"yo\" you said \"yo I said \"bruh\" you said \"bruh\".",
    "sender": "Om Raheja",
    "created_at": "2020-06-01T18:47:56Z"
  },
  {
    "body": "i am not copying you bro",
    "sender": "Suhas Kosaraju",
    "created_at": "2020-05-31T00:07:08Z"
  },
  {
    "body": "If you are copying me say this: \"Superfire is a copycat\"",
    "sender": "Om Raheja",
    "created_at": "2020-05-30T20:59:52Z"
  },
  {
    "body": "bruh",
    "sender": "Suhas Kosaraju",
    "created_at": "2020-05-29T23:57:23Z"
  },
  {
    "body": "bruh",
    "sender": "Om Raheja",
    "created_at": "2020-05-29T14:38:15Z"
  },
  {
    "body": "yo",
    "sender": "Suhas Kosaraju",
    "created_at": "2020-05-26T18:07:08Z"
  },
  {
    "body": "yo",
    "sender": "Om Raheja",
    "created_at": "2020-05-21T18:01:42Z"
  },
  {
    "body": "k",
    "sender": "Suhas Kosaraju",
    "created_at": "2020-05-20T17:41:20Z"
  },
  {
    "body": "k",
    "sender": "Om Raheja",
    "created_at": "2020-05-19T20:08:57Z"
  },
  {
    "body": "kk",
    "sender": "Suhas Kosaraju",
    "created_at": "2020-05-19T20:07:37Z"
  },
  {
    "body": "kk",
    "sender": "Om Raheja",
    "created_at": "2020-05-18T21:59:30Z"
  },
  {
    "body": "ok",
    "sender": "Suhas Kosaraju",
    "created_at": "2020-05-18T21:18:15Z"
  },
  {
    "body": "You get paid 2x as much when you type here. Keep this open at least once a week.",
    "sender": "Om Raheja",
    "created_at": "2020-05-14T21:59:18Z"
  },
  {
    "body": "Please use remind more, thank you very much.",
    "sender": "Om Raheja",
    "created_at": "2020-05-06T21:13:55Z"
  },
  {
    "body": "SkyClan! We welcome a new warrior, Speedclaw.",
    "sender": "Om Raheja",
    "created_at": "2020-04-29T18:21:16Z"
  },
  {
    "body": "Ye",
    "sender": "Om Raheja",
    "created_at": "2020-04-23T00:39:13Z"
  },
  {
    "body": "Yup",
    "sender": "Suhas Kosaraju",
    "created_at": "2020-04-06T14:21:44Z"
  },
  {
    "body": "Yes, it is.",
    "sender": "Om Raheja",
    "created_at": "2020-04-06T14:21:36Z"
  },
  {
    "body": "YeetClan probably is dead.",
    "sender": "Suhas Kosaraju",
    "created_at": "2020-04-06T12:01:42Z"
  },
  {
    "body": "And this is what it was before Arabic",
    "sender": "Om Raheja",
    "created_at": "2020-04-03T20:54:56Z",
    "attachments": [
      {
        "name": "Screenshot 2020-04-03 at 4.54.34 PM.png",
        "url": "https://d2dej1z4r2nszb.cloudfront.net/images/1e04a1e6-82b1-449c-b9a5-1736f3293ad1/Screenshot%202020-04-03%20at%204.54.34%20PM.png?fit=max&w=600&h=600&image=true&Expires=1707436800&Signature=ZVFF8RmRqIZCt2anKp0ONK6Yrd~3vZshBwmL~vmCmZPECCFdguA~Wq5ou0WAgXaipILVB8IFrbTqnM3uQn-aecram8i5RLjiDToHqrBEI8gBo-NqoWr~0Daqxzc8zgAN7HAHxgioV~XxK9rWWBTkkJYDUfRNO6dgwZbe7BhGfAkYLfvWafOGGLHxRIs8YlpVkz3Dvbe8dvdyUiUGFtAz83MVpWGS91oaf98QNWd~~g88OQlKl3ofTId~g3AQxP1yLVCbJ7AsZeiKINV~DrdmOlF~T~eqrAO804METyJ7ZXHmAN-bOr2~O64AwaLNpWhXhVG~~uHKvpwAU1emwGMEoQ__&Key-Pair-Id=APKAIYBEA2OWI77AFPYQ"
      }
    ]
  },
  {
    "body": "When I translated it back.",
    "sender": "Om Raheja",
    "created_at": "2020-04-03T20:52:56Z",
    "attachments": [
      {
        "name": "Screenshot 2020-04-03 at 4.52.34 PM.png",
        "url": "https://d2dej1z4r2nszb.cloudfront.net/images/cb34a4da-a2b1-45fa-a0ba-a44e27fe2fa5/Screenshot%202020-04-03%20at%204.52.34%20PM.png?image=true&fit=max&w=600&h=600&Expires=1707436800&Signature=ACIPHbvBHVkQbd3ScsK1rcR-iv1x69fi7WrJw3-t7Oy0K0XIz0-BqcA0g-Z9upeKB~G3wvJhymfIDmqw7zK-sETM-iLPA62~YTFl79EFGJGLlzKaGp6HakF~Uw70fPCk-YigzbA395BIapDIYijjGzAEBLVfYANxA3g6izi2cBL4jXvty-nC0tqDYlH3p6bXirarDvYsGo-XgLI8WSe82SC3ToABgtvH~wqrkKdT-csYv0qhrblEyG2qlA4D1vtNLJkbWpyYgUb-C2UQfhaKreir2jdemWnzMLTUjqB-ZXK3iC9fR4byZRQuXA6PfCbKfYuIQHJFyRObUgploVak2A__&Key-Pair-Id=APKAIYBEA2OWI77AFPYQ"
      }
    ]
  },
  {
    "body": "قال Umbercastle 2.0 ، الرئيس التنفيذي لـ Etzklan: \"قال Blazister أن الأمة بأكملها ماتت\". ربما يعني هذا أنه اعترف بالهزيمة وقال إنه مات.",
    "sender": "Om Raheja",
    "created_at": "2020-04-03T20:50:16Z"
  },
  {
    "body": "Okay, it' sooon",
    "sender": "Om Raheja",
    "created_at": "2020-04-03T20:42:06Z"
  },
  {
    "body": "What? I thought there was a google meet video call.",
    "sender": "Suhas Kosaraju",
    "created_at": "2020-03-28T15:06:55Z"
  },
  {
    "body": "Not here yet.",
    "sender": "Om Raheja",
    "created_at": "2020-03-27T17:22:21Z"
  },
  {
    "body": "What's the link to the google meet?",
    "sender": "Suhas Kosaraju",
    "created_at": "2020-03-26T17:08:51Z"
  },
  {
    "body": "Hey",
    "sender": "Suhas Kosaraju",
    "created_at": "2020-03-26T16:32:09Z"
  },
  {
    "body": "hey superfire",
    "sender": "Om Raheja",
    "created_at": "2020-02-06T22:02:39Z"
  }
]
