[
  {
    "body": "Hey, every member who would like to join SkyClan:\nhttps://tinyurl.com/skyclan-discord",
    "sender": "Om Raheja",
    "created_at": "2021-09-09T16:17:01Z"
  },
  {
    "body": "What is up",
    "sender": "Om Raheja",
    "created_at": "2020-05-22T20:02:21Z"
  },
  {
    "body": "hi",
    "sender": "Hasini Sankar",
    "created_at": "2020-05-21T23:17:54Z"
  },
  {
    "body": "Hi",
    "sender": "Om Raheja",
    "created_at": "2020-05-18T21:07:01Z"
  },
  {
    "body": "Hi!",
    "sender": "Hasini Sankar",
    "created_at": "2020-05-18T16:53:53Z"
  }
]
